{
	"version": "https://jsonfeed.org/version/1.1",
	"title": "Diamond Homes Realty,",
	"language": "en",
	"home_page_url": "https://discountrealty.online/",
	"feed_url": "https://discountrealty.online/feed/feed.json",
	"description": "I am writing about my experiences as a naval navel-gazer.",
	"author": {
		"name": "Med Housni",
		"url": "#"
	},
	"items": [
		{
			"id": "https://discountrealty.online/blog/2025-07-02-monmouth-county/",
			"url": "https://discountrealty.online/blog/2025-07-02-monmouth-county/",
			"title": "Monmouth County",
			"content_html": "",
			"date_published": "2025-07-02T00:00:00Z"
		}
		,
		{
			"id": "https://discountrealty.online/blog/fifthpost/",
			"url": "https://discountrealty.online/blog/fifthpost/",
			"title": "Mercer-County",
			"content_html": "<p>This is a draft post</p>\n<p><img src=\"https://discountrealty.online/public/img/bg_five.png\" alt=\"\"></p>\n<pre><code>&lt;center&gt;test&lt;center&gt;\n</code></pre>\n",
			"date_published": "2023-01-23T00:00:00Z"
		}
		,
		{
			"id": "https://discountrealty.online/blog/thirdpost/",
			"url": "https://discountrealty.online/blog/thirdpost/",
			"title": "This is my third post.",
			"content_html": "<p>Leverage agile frameworks to provide a robust synopsis for high level overviews. Iterative approaches to corporate strategy foster collaborative thinking to further the overall value proposition. Organically grow the holistic world view of disruptive innovation via workplace diversity and empowerment.</p>\n<h2 id=\"code\" tabindex=\"-1\">Code <a class=\"header-anchor\" href=\"https://discountrealty.online/blog/thirdpost/\">#</a></h2>\n<h3 id=\"styled-with-syntax\" tabindex=\"-1\">Styled (with Syntax) <a class=\"header-anchor\" href=\"https://discountrealty.online/blog/thirdpost/\">#</a></h3>\n<p>Bring to the table win-win survival strategies to ensure proactive domination. At the end of the day, going forward, a new normal that has evolved from generation X is on the runway heading towards a streamlined cloud solution. User generated content in real-time will have multiple touchpoints for offshoring.</p>\n<pre class=\"language-js\" tabindex=\"0\"><code class=\"language-js\"><span class=\"token comment\">// this is a command</span>\n<span class=\"token keyword\">function</span> <span class=\"token function\">myCommand</span><span class=\"token punctuation\">(</span><span class=\"token punctuation\">)</span> <span class=\"token punctuation\">{</span>\n    <span class=\"token keyword\">let</span> counter <span class=\"token operator\">=</span> <span class=\"token number\">0</span><span class=\"token punctuation\">;</span>\n    counter<span class=\"token operator\">++</span><span class=\"token punctuation\">;</span>\n<span class=\"token punctuation\">}</span>\n\n<span class=\"token comment\">// Test with a line break above this line.</span>\nconsole<span class=\"token punctuation\">.</span><span class=\"token function\">log</span><span class=\"token punctuation\">(</span><span class=\"token string\">'Test'</span><span class=\"token punctuation\">)</span><span class=\"token punctuation\">;</span></code></pre>\n<h3 id=\"unstyled\" tabindex=\"-1\">Unstyled <a class=\"header-anchor\" href=\"https://discountrealty.online/blog/thirdpost/\">#</a></h3>\n<p>Bring to the table win-win survival strategies to ensure proactive domination. At the end of the day, going forward, a new normal that has evolved from generation X is on the runway heading towards a streamlined cloud solution. User generated content in real-time will have multiple touchpoints for offshoring.</p>\n<pre><code>// this is a command\nfunction myCommand() {\n    let counter = 0;\n    counter++;\n}\n\n// Test with a line break above this line.\nconsole.log('Test');\n</code></pre>\n<h2 id=\"section-header\" tabindex=\"-1\">Section Header <a class=\"header-anchor\" href=\"https://discountrealty.online/blog/thirdpost/\">#</a></h2>\n<p>Capitalize on low hanging fruit to identify a ballpark value added activity to beta test. Override the digital divide with additional clickthroughs from DevOps. Nanotechnology immersion along the information highway will close the loop on focusing solely on the bottom line.</p>\n",
			"date_published": "2018-08-24T00:00:00Z"
		}
		
	]
}
